classifier,test_performance
K-Nearest Neighbors,0.3291929372062668
Decision Tree,0.8090483781836065
Gaussian Naive Bayes,0.19570963471789918
Bernoulli Naive Bayes,0.5451919402003395
Multinomial Naive Bayes,0.3118544789239269
Linear SVM,0.2890112772095463
Polynomial SVM,0.2890112772095463
RBF SVM,0.2890112772095463
Sigmoid SVM,0.2890112772095463
Logistic Regression,0.2890112772095463
Random Forest*,0.8102923956188063
